index,dataset,prompt_id,prompt_lang,accuracy,micro_prec,micro_rec,micro_f1_score,macro_prec,macro_rec,macro_f1_score,weighted_prec,weighted_rec,weighted_f1_score
0,haryoaw/COPAL,0,eng,0.5062611806797853,0.5062611806797853,0.5062611806797853,0.5062611806797853,0.5077519379844961,0.506605222734255,0.48748305827951843,0.5077588717394018,0.5062611806797853,0.48730756180848794
1,haryoaw/COPAL,1,eng,0.5241502683363148,0.5241502683363148,0.5241502683363148,0.5241502683363148,0.5278514588859416,0.5244623655913978,0.5093773096821876,0.5278704393502988,0.5241502683363148,0.5092250111393616
2,IndoStoryCloze,0,eng,0.3841409691629956,0.3841409691629956,0.3841409691629956,0.3841409691629956,0.5,0.1920704845814978,0.27753023551877787,1.0,0.3841409691629956,0.5550604710375557
3,IndoStoryCloze,1,eng,0.3920704845814978,0.3920704845814978,0.3920704845814978,0.3920704845814978,0.5,0.1960352422907489,0.28164556962025317,1.0,0.3920704845814978,0.5632911392405063
